{
"meta":{"test_sets":[],"test_metrics":[],"learn_metrics":[{"best_value":"Min","name":"Logloss"}],"launch_mode":"Train","parameters":"","iteration_count":200,"learn_sets":["learn"],"name":"experiment"},
"iterations":[
{"learn":[0.6876424476],"iteration":0,"passed_time":0.1711111129,"remaining_time":34.05111146},
{"learn":[0.6813557299],"iteration":1,"passed_time":0.1777468287,"remaining_time":17.59693604},
{"learn":[0.6745362101],"iteration":2,"passed_time":0.1842236991,"remaining_time":12.09735624},
{"learn":[0.6683614707],"iteration":3,"passed_time":0.190481646,"remaining_time":9.333600655},
{"learn":[0.6608040725],"iteration":4,"passed_time":0.196925571,"remaining_time":7.680097271},
{"learn":[0.6556724838],"iteration":5,"passed_time":0.2023047833,"remaining_time":6.541187994},
{"learn":[0.650138855],"iteration":6,"passed_time":0.2065502309,"remaining_time":5.694884938},
{"learn":[0.6439344672],"iteration":7,"passed_time":0.2098365905,"remaining_time":5.036078172},
{"learn":[0.6372113288],"iteration":8,"passed_time":0.2130101728,"remaining_time":4.520549223},
{"learn":[0.6333133842],"iteration":9,"passed_time":0.2156990298,"remaining_time":4.098281567},
{"learn":[0.6284915586],"iteration":10,"passed_time":0.2184055509,"remaining_time":3.752604466},
{"learn":[0.6243765143],"iteration":11,"passed_time":0.2210557865,"remaining_time":3.463207322},
{"learn":[0.6205019891],"iteration":12,"passed_time":0.2232358065,"remaining_time":3.211161216},
{"learn":[0.6168948306],"iteration":13,"passed_time":0.2252927726,"remaining_time":2.993175407},
{"learn":[0.6122313874],"iteration":14,"passed_time":0.2281790032,"remaining_time":2.814207706},
{"learn":[0.6077791045],"iteration":15,"passed_time":0.2301680344,"remaining_time":2.646932396},
{"learn":[0.6037867582],"iteration":16,"passed_time":0.2320957881,"remaining_time":2.498442895},
{"learn":[0.6003919191],"iteration":17,"passed_time":0.2338032432,"remaining_time":2.36401057},
{"learn":[0.5960850776],"iteration":18,"passed_time":0.2353962961,"remaining_time":2.242459452},
{"learn":[0.5935272989],"iteration":19,"passed_time":0.237357436,"remaining_time":2.136216924},
{"learn":[0.5893670577],"iteration":20,"passed_time":0.2391263172,"remaining_time":2.03826718},
{"learn":[0.5867107729],"iteration":21,"passed_time":0.2406442474,"remaining_time":1.947030729},
{"learn":[0.5829979619],"iteration":22,"passed_time":0.2420731382,"remaining_time":1.862910672},
{"learn":[0.5804117903],"iteration":23,"passed_time":0.2434790344,"remaining_time":1.785512919},
{"learn":[0.5764757953],"iteration":24,"passed_time":0.2448677341,"remaining_time":1.714074138},
{"learn":[0.5735271792],"iteration":25,"passed_time":0.2462465464,"remaining_time":1.647957657},
{"learn":[0.5698651664],"iteration":26,"passed_time":0.2474884924,"remaining_time":1.585759599},
{"learn":[0.5677002533],"iteration":27,"passed_time":0.2487009112,"remaining_time":1.527734169},
{"learn":[0.5648165836],"iteration":28,"passed_time":0.2500247494,"remaining_time":1.474283867},
{"learn":[0.5630395141],"iteration":29,"passed_time":0.2515083094,"remaining_time":1.425213753},
{"learn":[0.5604218109],"iteration":30,"passed_time":0.2529288129,"remaining_time":1.37886998},
{"learn":[0.5584548274],"iteration":31,"passed_time":0.2543004655,"remaining_time":1.335077444},
{"learn":[0.5564093288],"iteration":32,"passed_time":0.2556963087,"remaining_time":1.293978289},
{"learn":[0.5543027467],"iteration":33,"passed_time":0.2570295119,"remaining_time":1.254908793},
{"learn":[0.5520353679],"iteration":34,"passed_time":0.2588513638,"remaining_time":1.220299287},
{"learn":[0.5508721267],"iteration":35,"passed_time":0.2603429236,"remaining_time":1.186006652},
{"learn":[0.549270823],"iteration":36,"passed_time":0.2615994036,"remaining_time":1.152451427},
{"learn":[0.5476690365],"iteration":37,"passed_time":0.2628792331,"remaining_time":1.120695678},
{"learn":[0.5450580452],"iteration":38,"passed_time":0.2642808845,"remaining_time":1.091005703},
{"learn":[0.5418576108],"iteration":39,"passed_time":0.2655884044,"remaining_time":1.062353617},
{"learn":[0.5401062301],"iteration":40,"passed_time":0.2669878215,"remaining_time":1.035391796},
{"learn":[0.5382537359],"iteration":41,"passed_time":0.2687678936,"remaining_time":1.011079219},
{"learn":[0.5368844527],"iteration":42,"passed_time":0.2703977664,"remaining_time":0.9872662633},
{"learn":[0.5353269456],"iteration":43,"passed_time":0.2717301576,"remaining_time":0.9634069222},
{"learn":[0.5330476399],"iteration":44,"passed_time":0.2729964525,"remaining_time":0.9403211141},
{"learn":[0.5312982873],"iteration":45,"passed_time":0.2743364207,"remaining_time":0.9184306259},
{"learn":[0.5297768508],"iteration":46,"passed_time":0.2756874821,"remaining_time":0.8974507397},
{"learn":[0.5264074591],"iteration":47,"passed_time":0.2770278261,"remaining_time":0.8772547826},
{"learn":[0.5250641062],"iteration":48,"passed_time":0.2785015204,"remaining_time":0.8582393792},
{"learn":[0.5231673808],"iteration":49,"passed_time":0.2797565438,"remaining_time":0.8392696315},
{"learn":[0.5220071334],"iteration":50,"passed_time":0.281134059,"remaining_time":0.8213524468},
{"learn":[0.5180265692],"iteration":51,"passed_time":0.2825581293,"remaining_time":0.8042039064},
{"learn":[0.5169508729],"iteration":52,"passed_time":0.2840182482,"remaining_time":0.7877487262},
{"learn":[0.5159807326],"iteration":53,"passed_time":0.2856358655,"remaining_time":0.7722747475},
{"learn":[0.514550028],"iteration":54,"passed_time":0.2869104472,"remaining_time":0.75640027},
{"learn":[0.5131316366],"iteration":55,"passed_time":0.2882652542,"remaining_time":0.7412535108},
{"learn":[0.5125281901],"iteration":56,"passed_time":0.289532123,"remaining_time":0.7263700631},
{"learn":[0.5110050153],"iteration":57,"passed_time":0.2907443952,"remaining_time":0.7118224849},
{"learn":[0.508601418],"iteration":58,"passed_time":0.2919723992,"remaining_time":0.6977645471},
{"learn":[0.5068764988],"iteration":59,"passed_time":0.2933097322,"remaining_time":0.6843893751},
{"learn":[0.5057110364],"iteration":60,"passed_time":0.2945610368,"remaining_time":0.6712128543},
{"learn":[0.5037913262],"iteration":61,"passed_time":0.2958906687,"remaining_time":0.6585953594},
{"learn":[0.5018347245],"iteration":62,"passed_time":0.2973531133,"remaining_time":0.6466250241},
{"learn":[0.5007404376],"iteration":63,"passed_time":0.2989557638,"remaining_time":0.6352809981},
{"learn":[0.4993739551],"iteration":64,"passed_time":0.3003796703,"remaining_time":0.623865469},
{"learn":[0.4978784972],"iteration":65,"passed_time":0.3018000235,"remaining_time":0.6127455023},
{"learn":[0.4966050643],"iteration":66,"passed_time":0.3031681483,"remaining_time":0.6018113989},
{"learn":[0.4953470351],"iteration":67,"passed_time":0.3044337253,"remaining_time":0.5909595845},
{"learn":[0.4936789018],"iteration":68,"passed_time":0.3057099538,"remaining_time":0.5804058542},
{"learn":[0.4928162973],"iteration":69,"passed_time":0.3068893222,"remaining_time":0.5699373127},
{"learn":[0.4914685986],"iteration":70,"passed_time":0.3082352607,"remaining_time":0.5600330793},
{"learn":[0.4896465253],"iteration":71,"passed_time":0.309713447,"remaining_time":0.5506016835},
{"learn":[0.4885867155],"iteration":72,"passed_time":0.3110616604,"remaining_time":0.5411620667},
{"learn":[0.4876610478],"iteration":73,"passed_time":0.3126519386,"remaining_time":0.5323533009},
{"learn":[0.4865400097],"iteration":74,"passed_time":0.314196414,"remaining_time":0.52366069},
{"learn":[0.4859167171],"iteration":75,"passed_time":0.3157063163,"remaining_time":0.5150997792},
{"learn":[0.4846144085],"iteration":76,"passed_time":0.317097835,"remaining_time":0.5065329053},
{"learn":[0.4815523655],"iteration":77,"passed_time":0.3184602856,"remaining_time":0.4981045492},
{"learn":[0.4806705909],"iteration":78,"passed_time":0.3197425268,"remaining_time":0.4897322245},
{"learn":[0.4790341341],"iteration":79,"passed_time":0.321016693,"remaining_time":0.4815250395},
{"learn":[0.4772335004],"iteration":80,"passed_time":0.3222578595,"remaining_time":0.473440559},
{"learn":[0.4759314815],"iteration":81,"passed_time":0.3235119188,"remaining_time":0.4655415417},
{"learn":[0.4748821017],"iteration":82,"passed_time":0.3247600712,"remaining_time":0.4577943173},
{"learn":[0.4731936394],"iteration":83,"passed_time":0.3261324798,"remaining_time":0.4503734244},
{"learn":[0.4721099274],"iteration":84,"passed_time":0.3274829953,"remaining_time":0.4430652289},
{"learn":[0.4714260826],"iteration":85,"passed_time":0.3294202697,"remaining_time":0.4366733807},
{"learn":[0.4697141527],"iteration":86,"passed_time":0.3315582861,"remaining_time":0.4306446705},
{"learn":[0.4680396937],"iteration":87,"passed_time":0.3337746209,"remaining_time":0.4248040629},
{"learn":[0.4673083342],"iteration":88,"passed_time":0.3352283287,"remaining_time":0.4180937583},
{"learn":[0.465901918],"iteration":89,"passed_time":0.3365468114,"remaining_time":0.4113349917},
{"learn":[0.464345425],"iteration":90,"passed_time":0.337802358,"remaining_time":0.4046204069},
{"learn":[0.4627788399],"iteration":91,"passed_time":0.3390432638,"remaining_time":0.3980073097},
{"learn":[0.4620484944],"iteration":92,"passed_time":0.3404036477,"remaining_time":0.3916472076},
{"learn":[0.4604429897],"iteration":93,"passed_time":0.3415558056,"remaining_time":0.3851586744},
{"learn":[0.4591735647],"iteration":94,"passed_time":0.3612183798,"remaining_time":0.3992413671},
{"learn":[0.4581366913],"iteration":95,"passed_time":0.3647597676,"remaining_time":0.3951564149},
{"learn":[0.4576310266],"iteration":96,"passed_time":0.3680116564,"remaining_time":0.390775264},
{"learn":[0.4565008622],"iteration":97,"passed_time":0.370837838,"remaining_time":0.3859740762},
{"learn":[0.4545967971],"iteration":98,"passed_time":0.3734634684,"remaining_time":0.381008185},
{"learn":[0.4528917723],"iteration":99,"passed_time":0.3760760621,"remaining_time":0.3760760621},
{"learn":[0.4513620304],"iteration":100,"passed_time":0.3781923513,"remaining_time":0.3707033938},
{"learn":[0.4499260625],"iteration":101,"passed_time":0.3803270355,"remaining_time":0.3654122497},
{"learn":[0.448929509],"iteration":102,"passed_time":0.3824130887,"remaining_time":0.3601365981},
{"learn":[0.447820929],"iteration":103,"passed_time":0.3842035776,"remaining_time":0.3546494563},
{"learn":[0.4461443937],"iteration":104,"passed_time":0.3859837863,"remaining_time":0.3492234257},
{"learn":[0.4448759345],"iteration":105,"passed_time":0.3877128869,"remaining_time":0.3438208619},
{"learn":[0.4431055286],"iteration":106,"passed_time":0.3895977019,"remaining_time":0.3386223017},
{"learn":[0.4424820912],"iteration":107,"passed_time":0.3913174062,"remaining_time":0.3333444571},
{"learn":[0.4409425953],"iteration":108,"passed_time":0.3929298798,"remaining_time":0.3280423767},
{"learn":[0.4397261897],"iteration":109,"passed_time":0.3945667331,"remaining_time":0.3228273271},
{"learn":[0.4392249192],"iteration":110,"passed_time":0.3960503193,"remaining_time":0.3175538596},
{"learn":[0.4389444665],"iteration":111,"passed_time":0.3973956676,"remaining_time":0.3122394531},
{"learn":[0.4380261868],"iteration":112,"passed_time":0.3987262899,"remaining_time":0.3069839577},
{"learn":[0.4362469444],"iteration":113,"passed_time":0.4000789672,"remaining_time":0.3018139577},
{"learn":[0.4350241166],"iteration":114,"passed_time":0.4014526195,"remaining_time":0.2967258492},
{"learn":[0.4338869505],"iteration":115,"passed_time":0.4027322481,"remaining_time":0.2916336969},
{"learn":[0.4323843944],"iteration":116,"passed_time":0.4040845968,"remaining_time":0.2866583037},
{"learn":[0.4311562067],"iteration":117,"passed_time":0.4053939417,"remaining_time":0.2817144341},
{"learn":[0.4298031964],"iteration":118,"passed_time":0.4067457662,"remaining_time":0.2768605636},
{"learn":[0.4277012982],"iteration":119,"passed_time":0.4080798729,"remaining_time":0.2720532486},
{"learn":[0.4265509497],"iteration":120,"passed_time":0.4093160957,"remaining_time":0.2672394344},
{"learn":[0.4253692144],"iteration":121,"passed_time":0.4105779358,"remaining_time":0.2625006475},
{"learn":[0.4237320333],"iteration":122,"passed_time":0.4119212011,"remaining_time":0.2578693698},
{"learn":[0.4227880164],"iteration":123,"passed_time":0.4132052981,"remaining_time":0.2532548601},
{"learn":[0.4220095284],"iteration":124,"passed_time":0.4144697571,"remaining_time":0.2486818543},
{"learn":[0.4202439513],"iteration":125,"passed_time":0.4156979022,"remaining_time":0.2441400378},
{"learn":[0.4188530355],"iteration":126,"passed_time":0.4169407009,"remaining_time":0.2396588281},
{"learn":[0.4180049172],"iteration":127,"passed_time":0.4182174698,"remaining_time":0.2352473268},
{"learn":[0.4165002364],"iteration":128,"passed_time":0.4194948624,"remaining_time":0.2308847692},
{"learn":[0.4158484543],"iteration":129,"passed_time":0.4208237185,"remaining_time":0.2265973869},
{"learn":[0.4149558152],"iteration":130,"passed_time":0.4221589395,"remaining_time":0.2223585254},
{"learn":[0.4148159751],"iteration":131,"passed_time":0.4232829518,"remaining_time":0.218054854},
{"learn":[0.4139189901],"iteration":132,"passed_time":0.4245316646,"remaining_time":0.213861816},
{"learn":[0.4133949763],"iteration":133,"passed_time":0.4257988956,"remaining_time":0.2097218441},
{"learn":[0.4121856207],"iteration":134,"passed_time":0.4270718596,"remaining_time":0.2056271916},
{"learn":[0.4113620806],"iteration":135,"passed_time":0.4283752297,"remaining_time":0.2015883434},
{"learn":[0.410356932],"iteration":136,"passed_time":0.429659219,"remaining_time":0.1975805167},
{"learn":[0.4096634297],"iteration":137,"passed_time":0.4309548237,"remaining_time":0.1936173846},
{"learn":[0.4087237105],"iteration":138,"passed_time":0.4322273975,"remaining_time":0.189682527},
{"learn":[0.4070335098],"iteration":139,"passed_time":0.433494184,"remaining_time":0.1857832217},
{"learn":[0.4065192983],"iteration":140,"passed_time":0.4347931419,"remaining_time":0.1819347189},
{"learn":[0.4050290313],"iteration":141,"passed_time":0.436097448,"remaining_time":0.1781243098},
{"learn":[0.4043432791],"iteration":142,"passed_time":0.4373550949,"remaining_time":0.1743303525},
{"learn":[0.4025796335],"iteration":143,"passed_time":0.4386001016,"remaining_time":0.1705667062},
{"learn":[0.4019654189],"iteration":144,"passed_time":0.4398555414,"remaining_time":0.1668417571},
{"learn":[0.401152816],"iteration":145,"passed_time":0.4411634614,"remaining_time":0.1631700474},
{"learn":[0.4003531299],"iteration":146,"passed_time":0.4424419105,"remaining_time":0.1595198725},
{"learn":[0.3996189938],"iteration":147,"passed_time":0.4437161536,"remaining_time":0.1559002702},
{"learn":[0.3984428116],"iteration":148,"passed_time":0.4449622484,"remaining_time":0.1523025145},
{"learn":[0.3968913646],"iteration":149,"passed_time":0.4462400945,"remaining_time":0.1487466982},
{"learn":[0.3959382214],"iteration":150,"passed_time":0.4474796949,"remaining_time":0.1452086427},
{"learn":[0.3955599386],"iteration":151,"passed_time":0.4487192935,"remaining_time":0.1417008295},
{"learn":[0.3946082441],"iteration":152,"passed_time":0.4499766697,"remaining_time":0.1382281273},
{"learn":[0.3933821811],"iteration":153,"passed_time":0.4512188284,"remaining_time":0.13477965},
{"learn":[0.3926236599],"iteration":154,"passed_time":0.4525013077,"remaining_time":0.1313713474},
{"learn":[0.3922985656],"iteration":155,"passed_time":0.4537668485,"remaining_time":0.1279855214},
{"learn":[0.3919707673],"iteration":156,"passed_time":0.4550348589,"remaining_time":0.1246273817},
{"learn":[0.3903895994],"iteration":157,"passed_time":0.4562949183,"remaining_time":0.1212935859},
{"learn":[0.3894441822],"iteration":158,"passed_time":0.4575331653,"remaining_time":0.1179802502},
{"learn":[0.3889169331],"iteration":159,"passed_time":0.4587972124,"remaining_time":0.1146993031},
{"learn":[0.3868034942],"iteration":160,"passed_time":0.4600554976,"remaining_time":0.1114420149},
{"learn":[0.3862896931],"iteration":161,"passed_time":0.4613404256,"remaining_time":0.1082156554},
{"learn":[0.3853129375],"iteration":162,"passed_time":0.4626090434,"remaining_time":0.1050094148},
{"learn":[0.3846276682],"iteration":163,"passed_time":0.4638616298,"remaining_time":0.1018232846},
{"learn":[0.3833737192],"iteration":164,"passed_time":0.4651216123,"remaining_time":0.09866216019},
{"learn":[0.38296376],"iteration":165,"passed_time":0.4663711127,"remaining_time":0.09552179417},
{"learn":[0.3824544013],"iteration":166,"passed_time":0.4679214605,"remaining_time":0.09246352214},
{"learn":[0.3814487457],"iteration":167,"passed_time":0.469228707,"remaining_time":0.08937689658},
{"learn":[0.3810516068],"iteration":168,"passed_time":0.470699328,"remaining_time":0.08634129685},
{"learn":[0.380134824],"iteration":169,"passed_time":0.4720252981,"remaining_time":0.08329858202},
{"learn":[0.3795379928],"iteration":170,"passed_time":0.4732467443,"remaining_time":0.08025821979},
{"learn":[0.3784951802],"iteration":171,"passed_time":0.4745182272,"remaining_time":0.07724715327},
{"learn":[0.3775059664],"iteration":172,"passed_time":0.4757779037,"remaining_time":0.07425435492},
{"learn":[0.3770853356],"iteration":173,"passed_time":0.4770178916,"remaining_time":0.07127853553},
{"learn":[0.3761281846],"iteration":174,"passed_time":0.4782676943,"remaining_time":0.06832395634},
{"learn":[0.3749015905],"iteration":175,"passed_time":0.4795520403,"remaining_time":0.06539346004},
{"learn":[0.3743078739],"iteration":176,"passed_time":0.4807823056,"remaining_time":0.06247453688},
{"learn":[0.3732757568],"iteration":177,"passed_time":0.4820690595,"remaining_time":0.05958156915},
{"learn":[0.3721954732],"iteration":178,"passed_time":0.4833442867,"remaining_time":0.05670519565},
{"learn":[0.3716151081],"iteration":179,"passed_time":0.4847249666,"remaining_time":0.05385832963},
{"learn":[0.3702891386],"iteration":180,"passed_time":0.4862440411,"remaining_time":0.05104219216},
{"learn":[0.369304995],"iteration":181,"passed_time":0.4875813515,"remaining_time":0.04822233147},
{"learn":[0.3681239357],"iteration":182,"passed_time":0.4888238515,"remaining_time":0.04540986598},
{"learn":[0.367487002],"iteration":183,"passed_time":0.4900762424,"remaining_time":0.04261532542},
{"learn":[0.3661788264],"iteration":184,"passed_time":0.4913492589,"remaining_time":0.0398391291},
{"learn":[0.3654783708],"iteration":185,"passed_time":0.4926398014,"remaining_time":0.03708041516},
{"learn":[0.3648004411],"iteration":186,"passed_time":0.4938788975,"remaining_time":0.0343338271},
{"learn":[0.3638834169],"iteration":187,"passed_time":0.4951326282,"remaining_time":0.03160421031},
{"learn":[0.3631627047],"iteration":188,"passed_time":0.4964367027,"remaining_time":0.02889314142},
{"learn":[0.3626573297],"iteration":189,"passed_time":0.4977096069,"remaining_time":0.02619524247},
{"learn":[0.3614196294],"iteration":190,"passed_time":0.4990566155,"remaining_time":0.02351575675},
{"learn":[0.3610188689],"iteration":191,"passed_time":0.5003712082,"remaining_time":0.02084880034},
{"learn":[0.3604368379],"iteration":192,"passed_time":0.501698137,"remaining_time":0.01819630549},
{"learn":[0.3589045368],"iteration":193,"passed_time":0.5029401834,"remaining_time":0.01555485103},
{"learn":[0.3579062208],"iteration":194,"passed_time":0.5042053187,"remaining_time":0.0129283415},
{"learn":[0.3570475277],"iteration":195,"passed_time":0.5054901317,"remaining_time":0.01031612514},
{"learn":[0.3560118615],"iteration":196,"passed_time":0.5067811096,"remaining_time":0.007717478827},
{"learn":[0.3551610633],"iteration":197,"passed_time":0.5081072735,"remaining_time":0.005132396702},
{"learn":[0.3540128877],"iteration":198,"passed_time":0.5093730424,"remaining_time":0.00255966353},
{"learn":[0.353402343],"iteration":199,"passed_time":0.5106369366,"remaining_time":0}
]}