{
"meta":{"test_sets":[],"test_metrics":[],"learn_metrics":[{"best_value":"Min","name":"Logloss"}],"launch_mode":"Train","parameters":"","iteration_count":200,"learn_sets":["learn"],"name":"experiment"},
"iterations":[
{"learn":[0.6876424476],"iteration":0,"passed_time":0.148414575,"remaining_time":29.53450042},
{"learn":[0.6813557299],"iteration":1,"passed_time":0.1546589221,"remaining_time":15.31123329},
{"learn":[0.6745362101],"iteration":2,"passed_time":0.1596647268,"remaining_time":10.4846504},
{"learn":[0.6683614707],"iteration":3,"passed_time":0.1633889305,"remaining_time":8.006057595},
{"learn":[0.6608040725],"iteration":4,"passed_time":0.1664024197,"remaining_time":6.489694367},
{"learn":[0.6556724838],"iteration":5,"passed_time":0.1688990945,"remaining_time":5.461070723},
{"learn":[0.650138855],"iteration":6,"passed_time":0.1713904775,"remaining_time":4.725480309},
{"learn":[0.6439344672],"iteration":7,"passed_time":0.1734391702,"remaining_time":4.162540084},
{"learn":[0.6372113288],"iteration":8,"passed_time":0.1755045999,"remaining_time":3.724597621},
{"learn":[0.6333133842],"iteration":9,"passed_time":0.1772973243,"remaining_time":3.368649162},
{"learn":[0.6284915586],"iteration":10,"passed_time":0.1789688753,"remaining_time":3.075010676},
{"learn":[0.6243765143],"iteration":11,"passed_time":0.1807504733,"remaining_time":2.831757416},
{"learn":[0.6205019891],"iteration":12,"passed_time":0.1824326117,"remaining_time":2.624222952},
{"learn":[0.6168948306],"iteration":13,"passed_time":0.1839267658,"remaining_time":2.44359846},
{"learn":[0.6122313874],"iteration":14,"passed_time":0.1854484074,"remaining_time":2.287197025},
{"learn":[0.6077791045],"iteration":15,"passed_time":0.1869421203,"remaining_time":2.149834384},
{"learn":[0.6037867582],"iteration":16,"passed_time":0.1883422072,"remaining_time":2.027448466},
{"learn":[0.6003919191],"iteration":17,"passed_time":0.1896855904,"remaining_time":1.91793208},
{"learn":[0.5960850776],"iteration":18,"passed_time":0.1910144878,"remaining_time":1.819664331},
{"learn":[0.5935272989],"iteration":19,"passed_time":0.1923154891,"remaining_time":1.730839402},
{"learn":[0.5893670577],"iteration":20,"passed_time":0.1936529263,"remaining_time":1.650660658},
{"learn":[0.5867107729],"iteration":21,"passed_time":0.1948885927,"remaining_time":1.576825886},
{"learn":[0.5829979619],"iteration":22,"passed_time":0.19613113,"remaining_time":1.509356957},
{"learn":[0.5804117903],"iteration":23,"passed_time":0.1973821673,"remaining_time":1.447469227},
{"learn":[0.5764757953],"iteration":24,"passed_time":0.198605746,"remaining_time":1.390240222},
{"learn":[0.5735271792],"iteration":25,"passed_time":0.1998353423,"remaining_time":1.337359598},
{"learn":[0.5698651664],"iteration":26,"passed_time":0.2011294943,"remaining_time":1.288718612},
{"learn":[0.5677002533],"iteration":27,"passed_time":0.2023803395,"remaining_time":1.243193514},
{"learn":[0.5648165836],"iteration":28,"passed_time":0.2035961359,"remaining_time":1.200515146},
{"learn":[0.5630395141],"iteration":29,"passed_time":0.2048495604,"remaining_time":1.160814176},
{"learn":[0.5604218109],"iteration":30,"passed_time":0.2060720656,"remaining_time":1.123425132},
{"learn":[0.5584548274],"iteration":31,"passed_time":0.2072855571,"remaining_time":1.088249175},
{"learn":[0.5564093288],"iteration":32,"passed_time":0.2085041629,"remaining_time":1.05515743},
{"learn":[0.5543027467],"iteration":33,"passed_time":0.2097297837,"remaining_time":1.023974826},
{"learn":[0.5520353679],"iteration":34,"passed_time":0.2110136837,"remaining_time":0.9947787944},
{"learn":[0.5508721267],"iteration":35,"passed_time":0.2123168562,"remaining_time":0.9672212336},
{"learn":[0.549270823],"iteration":36,"passed_time":0.2136159467,"remaining_time":0.9410648465},
{"learn":[0.5476690365],"iteration":37,"passed_time":0.2148960162,"remaining_time":0.9161356481},
{"learn":[0.5450580452],"iteration":38,"passed_time":0.2161241602,"remaining_time":0.8922048665},
{"learn":[0.5418576108],"iteration":39,"passed_time":0.2173735404,"remaining_time":0.8694941617},
{"learn":[0.5401062301],"iteration":40,"passed_time":0.2186114799,"remaining_time":0.847785983},
{"learn":[0.5382537359],"iteration":41,"passed_time":0.2198352833,"remaining_time":0.8269993991},
{"learn":[0.5368844527],"iteration":42,"passed_time":0.2210857435,"remaining_time":0.8072200401},
{"learn":[0.5353269456],"iteration":43,"passed_time":0.2223208508,"remaining_time":0.7882284711},
{"learn":[0.5330476399],"iteration":44,"passed_time":0.2235351795,"remaining_time":0.7699545071},
{"learn":[0.5312982873],"iteration":45,"passed_time":0.22476604,"remaining_time":0.7524776123},
{"learn":[0.5297768508],"iteration":46,"passed_time":0.2260468651,"remaining_time":0.7358546885},
{"learn":[0.5264074591],"iteration":47,"passed_time":0.2273003105,"remaining_time":0.7197843165},
{"learn":[0.5250641062],"iteration":48,"passed_time":0.2285625067,"remaining_time":0.704345684},
{"learn":[0.5231673808],"iteration":49,"passed_time":0.2298112265,"remaining_time":0.6894336794},
{"learn":[0.5220071334],"iteration":50,"passed_time":0.2310321317,"remaining_time":0.6749762278},
{"learn":[0.5180265692],"iteration":51,"passed_time":0.232281366,"remaining_time":0.6611085033},
{"learn":[0.5169508729],"iteration":52,"passed_time":0.2334938863,"remaining_time":0.6476151186},
{"learn":[0.5159807326],"iteration":53,"passed_time":0.2347378922,"remaining_time":0.6346617087},
{"learn":[0.514550028],"iteration":54,"passed_time":0.2359816626,"remaining_time":0.6221334742},
{"learn":[0.5131316366],"iteration":55,"passed_time":0.2371993796,"remaining_time":0.6099412619},
{"learn":[0.5125281901],"iteration":56,"passed_time":0.2384116118,"remaining_time":0.5981203595},
{"learn":[0.5110050153],"iteration":57,"passed_time":0.2396641168,"remaining_time":0.5867638722},
{"learn":[0.508601418],"iteration":58,"passed_time":0.2409090722,"remaining_time":0.5757318505},
{"learn":[0.5068764988],"iteration":59,"passed_time":0.2421783224,"remaining_time":0.5650827523},
{"learn":[0.5057110364],"iteration":60,"passed_time":0.2434361627,"remaining_time":0.5547151904},
{"learn":[0.5037913262],"iteration":61,"passed_time":0.2447007616,"remaining_time":0.544656534},
{"learn":[0.5018347245],"iteration":62,"passed_time":0.2459436478,"remaining_time":0.5348298372},
{"learn":[0.5007404376],"iteration":63,"passed_time":0.2471887418,"remaining_time":0.5252760763},
{"learn":[0.4993739551],"iteration":64,"passed_time":0.2484459597,"remaining_time":0.516003147},
{"learn":[0.4978784972],"iteration":65,"passed_time":0.2496660386,"remaining_time":0.5068977147},
{"learn":[0.4966050643],"iteration":66,"passed_time":0.250879608,"remaining_time":0.4980147443},
{"learn":[0.4953470351],"iteration":67,"passed_time":0.2521634844,"remaining_time":0.4894938227},
{"learn":[0.4936789018],"iteration":68,"passed_time":0.2534033038,"remaining_time":0.4810990261},
{"learn":[0.4928162973],"iteration":69,"passed_time":0.2547041688,"remaining_time":0.4730220277},
{"learn":[0.4914685986],"iteration":70,"passed_time":0.2559616014,"remaining_time":0.465056994},
{"learn":[0.4896465253],"iteration":71,"passed_time":0.2572330278,"remaining_time":0.4573031605},
{"learn":[0.4885867155],"iteration":72,"passed_time":0.2584637764,"remaining_time":0.449656159},
{"learn":[0.4876610478],"iteration":73,"passed_time":0.2596937822,"remaining_time":0.4421813049},
{"learn":[0.4865400097],"iteration":74,"passed_time":0.2609033979,"remaining_time":0.4348389966},
{"learn":[0.4859167171],"iteration":75,"passed_time":0.2621604817,"remaining_time":0.4277355228},
{"learn":[0.4846144085],"iteration":76,"passed_time":0.2634264269,"remaining_time":0.4207980586},
{"learn":[0.4815523655],"iteration":77,"passed_time":0.2646759594,"remaining_time":0.4139803467},
{"learn":[0.4806705909],"iteration":78,"passed_time":0.2659191345,"remaining_time":0.4072938642},
{"learn":[0.4790341341],"iteration":79,"passed_time":0.2671747687,"remaining_time":0.4007621531},
{"learn":[0.4772335004],"iteration":80,"passed_time":0.2684192666,"remaining_time":0.3943443546},
{"learn":[0.4759314815],"iteration":81,"passed_time":0.2696760079,"remaining_time":0.3880703529},
{"learn":[0.4748821017],"iteration":82,"passed_time":0.2708959944,"remaining_time":0.3818654379},
{"learn":[0.4731936394],"iteration":83,"passed_time":0.2721229914,"remaining_time":0.375788893},
{"learn":[0.4721099274],"iteration":84,"passed_time":0.2733225154,"remaining_time":0.3697892856},
{"learn":[0.4714260826],"iteration":85,"passed_time":0.2745456366,"remaining_time":0.3639325881},
{"learn":[0.4697141527],"iteration":86,"passed_time":0.2757622737,"remaining_time":0.3581739877},
{"learn":[0.4680396937],"iteration":87,"passed_time":0.2769968266,"remaining_time":0.3525414157},
{"learn":[0.4673083342],"iteration":88,"passed_time":0.2782305814,"remaining_time":0.3470066801},
{"learn":[0.465901918],"iteration":89,"passed_time":0.2794669018,"remaining_time":0.3415706578},
{"learn":[0.464345425],"iteration":90,"passed_time":0.2807072576,"remaining_time":0.3362317701},
{"learn":[0.4627788399],"iteration":91,"passed_time":0.2819650417,"remaining_time":0.3310024402},
{"learn":[0.4620484944],"iteration":92,"passed_time":0.2832038174,"remaining_time":0.3258366501},
{"learn":[0.4604429897],"iteration":93,"passed_time":0.2844984469,"remaining_time":0.3208173976},
{"learn":[0.4591735647],"iteration":94,"passed_time":0.2857801934,"remaining_time":0.315862319},
{"learn":[0.4581366913],"iteration":95,"passed_time":0.2870212929,"remaining_time":0.310939734},
{"learn":[0.4576310266],"iteration":96,"passed_time":0.2882482002,"remaining_time":0.3060779858},
{"learn":[0.4565008622],"iteration":97,"passed_time":0.2895195994,"remaining_time":0.3013367259},
{"learn":[0.4545967971],"iteration":98,"passed_time":0.2907822079,"remaining_time":0.2966565959},
{"learn":[0.4528917723],"iteration":99,"passed_time":0.2919994438,"remaining_time":0.2919994438},
{"learn":[0.4513620304],"iteration":100,"passed_time":0.2932246805,"remaining_time":0.2874182512},
{"learn":[0.4499260625],"iteration":101,"passed_time":0.2944590667,"remaining_time":0.2829116524},
{"learn":[0.448929509],"iteration":102,"passed_time":0.2956767711,"remaining_time":0.2784528815},
{"learn":[0.447820929],"iteration":103,"passed_time":0.2969153021,"remaining_time":0.2740756635},
{"learn":[0.4461443937],"iteration":104,"passed_time":0.2982670607,"remaining_time":0.269860674},
{"learn":[0.4448759345],"iteration":105,"passed_time":0.2995512959,"remaining_time":0.2656398284},
{"learn":[0.4431055286],"iteration":106,"passed_time":0.3007848558,"remaining_time":0.261429828},
{"learn":[0.4424820912],"iteration":107,"passed_time":0.3019923117,"remaining_time":0.25725271},
{"learn":[0.4409425953],"iteration":108,"passed_time":0.3032231156,"remaining_time":0.2531495736},
{"learn":[0.4397261897],"iteration":109,"passed_time":0.3044722567,"remaining_time":0.2491136645},
{"learn":[0.4392249192],"iteration":110,"passed_time":0.3056903605,"remaining_time":0.2451030819},
{"learn":[0.4389444665],"iteration":111,"passed_time":0.3069191523,"remaining_time":0.2411507625},
{"learn":[0.4380261868],"iteration":112,"passed_time":0.3081373522,"remaining_time":0.2372384924},
{"learn":[0.4362469444],"iteration":113,"passed_time":0.309374103,"remaining_time":0.2333874812},
{"learn":[0.4350241166],"iteration":114,"passed_time":0.3106084793,"remaining_time":0.2295801803},
{"learn":[0.4338869505],"iteration":115,"passed_time":0.3118328091,"remaining_time":0.2258099652},
{"learn":[0.4323843944],"iteration":116,"passed_time":0.3130675373,"remaining_time":0.2220906461},
{"learn":[0.4311562067],"iteration":117,"passed_time":0.3143123151,"remaining_time":0.2184204224},
{"learn":[0.4298031964],"iteration":118,"passed_time":0.3155443639,"remaining_time":0.2147822981},
{"learn":[0.4277012982],"iteration":119,"passed_time":0.3168015609,"remaining_time":0.2112010406},
{"learn":[0.4265509497],"iteration":120,"passed_time":0.3180174768,"remaining_time":0.2076312452},
{"learn":[0.4253692144],"iteration":121,"passed_time":0.3192805356,"remaining_time":0.2041301785},
{"learn":[0.4237320333],"iteration":122,"passed_time":0.320500783,"remaining_time":0.2006387016},
{"learn":[0.4227880164],"iteration":123,"passed_time":0.321750397,"remaining_time":0.1972018562},
{"learn":[0.4220095284],"iteration":124,"passed_time":0.3230305824,"remaining_time":0.1938183495},
{"learn":[0.4202439513],"iteration":125,"passed_time":0.3242672019,"remaining_time":0.1904426424},
{"learn":[0.4188530355],"iteration":126,"passed_time":0.3255041701,"remaining_time":0.1871008222},
{"learn":[0.4180049172],"iteration":127,"passed_time":0.3267645961,"remaining_time":0.1838050853},
{"learn":[0.4165002364],"iteration":128,"passed_time":0.3280109684,"remaining_time":0.1805331687},
{"learn":[0.4158484543],"iteration":129,"passed_time":0.3293728486,"remaining_time":0.1773546108},
{"learn":[0.4149558152],"iteration":130,"passed_time":0.3310642425,"remaining_time":0.1743773491},
{"learn":[0.4148159751],"iteration":131,"passed_time":0.3325484009,"remaining_time":0.1713128126},
{"learn":[0.4139189901],"iteration":132,"passed_time":0.334092443,"remaining_time":0.1683022081},
{"learn":[0.4133949763],"iteration":133,"passed_time":0.3356729101,"remaining_time":0.1653314333},
{"learn":[0.4121856207],"iteration":134,"passed_time":0.3369921053,"remaining_time":0.1622554581},
{"learn":[0.4113620806],"iteration":135,"passed_time":0.3382637754,"remaining_time":0.1591829531},
{"learn":[0.410356932],"iteration":136,"passed_time":0.339502523,"remaining_time":0.1561215982},
{"learn":[0.4096634297],"iteration":137,"passed_time":0.3407293678,"remaining_time":0.1530813102},
{"learn":[0.4087237105],"iteration":138,"passed_time":0.3419639996,"remaining_time":0.1500705322},
{"learn":[0.4070335098],"iteration":139,"passed_time":0.3431313245,"remaining_time":0.1470562819},
{"learn":[0.4065192983],"iteration":140,"passed_time":0.3445179149,"remaining_time":0.1441599786},
{"learn":[0.4050290313],"iteration":141,"passed_time":0.3458690093,"remaining_time":0.1412704404},
{"learn":[0.4043432791],"iteration":142,"passed_time":0.3471911209,"remaining_time":0.1383908664},
{"learn":[0.4025796335],"iteration":143,"passed_time":0.3484660553,"remaining_time":0.1355145771},
{"learn":[0.4019654189],"iteration":144,"passed_time":0.3496734831,"remaining_time":0.1326347694},
{"learn":[0.401152816],"iteration":145,"passed_time":0.3509140535,"remaining_time":0.1297901294},
{"learn":[0.4003531299],"iteration":146,"passed_time":0.3521563689,"remaining_time":0.1269679425},
{"learn":[0.3996189938],"iteration":147,"passed_time":0.3534008586,"remaining_time":0.1241678692},
{"learn":[0.3984428116],"iteration":148,"passed_time":0.3546866304,"remaining_time":0.1214028064},
{"learn":[0.3968913646],"iteration":149,"passed_time":0.3559904928,"remaining_time":0.1186634976},
{"learn":[0.3959382214],"iteration":150,"passed_time":0.3572321114,"remaining_time":0.115923003},
{"learn":[0.3955599386],"iteration":151,"passed_time":0.3584565536,"remaining_time":0.1131968064},
{"learn":[0.3946082441],"iteration":152,"passed_time":0.3597155037,"remaining_time":0.110500841},
{"learn":[0.3933821811],"iteration":153,"passed_time":0.360963881,"remaining_time":0.10782038},
{"learn":[0.3926236599],"iteration":154,"passed_time":0.3621601498,"remaining_time":0.1051432693},
{"learn":[0.3922985656],"iteration":155,"passed_time":0.3633734637,"remaining_time":0.1024899513},
{"learn":[0.3919707673],"iteration":156,"passed_time":0.364629367,"remaining_time":0.09986664192},
{"learn":[0.3903895994],"iteration":157,"passed_time":0.3658526884,"remaining_time":0.09725198047},
{"learn":[0.3894441822],"iteration":158,"passed_time":0.367095108,"remaining_time":0.09465974483},
{"learn":[0.3889169331],"iteration":159,"passed_time":0.3682970709,"remaining_time":0.09207426772},
{"learn":[0.3868034942],"iteration":160,"passed_time":0.3695917321,"remaining_time":0.089528432},
{"learn":[0.3862896931],"iteration":161,"passed_time":0.3708288281,"remaining_time":0.08698453993},
{"learn":[0.3853129375],"iteration":162,"passed_time":0.3720549391,"remaining_time":0.08445418862},
{"learn":[0.3846276682],"iteration":163,"passed_time":0.3732910593,"remaining_time":0.08194193985},
{"learn":[0.3833737192],"iteration":164,"passed_time":0.3745323255,"remaining_time":0.07944625087},
{"learn":[0.38296376],"iteration":165,"passed_time":0.3757836509,"remaining_time":0.07696773573},
{"learn":[0.3824544013],"iteration":166,"passed_time":0.3770306185,"remaining_time":0.07450305635},
{"learn":[0.3814487457],"iteration":167,"passed_time":0.3782769782,"remaining_time":0.07205275775},
{"learn":[0.3810516068],"iteration":168,"passed_time":0.3794904017,"remaining_time":0.06961066541},
{"learn":[0.380134824],"iteration":169,"passed_time":0.3807374771,"remaining_time":0.06718896655},
{"learn":[0.3795379928],"iteration":170,"passed_time":0.3819995647,"remaining_time":0.0647835519},
{"learn":[0.3784951802],"iteration":171,"passed_time":0.3832475701,"remaining_time":0.06238913931},
{"learn":[0.3775059664],"iteration":172,"passed_time":0.3845138251,"remaining_time":0.0600108282},
{"learn":[0.3770853356],"iteration":173,"passed_time":0.3857548857,"remaining_time":0.05764153464},
{"learn":[0.3761281846],"iteration":174,"passed_time":0.3870109747,"remaining_time":0.0552872821},
{"learn":[0.3749015905],"iteration":175,"passed_time":0.3882346449,"remaining_time":0.05294108795},
{"learn":[0.3743078739],"iteration":176,"passed_time":0.3894624555,"remaining_time":0.05060811569},
{"learn":[0.3732757568],"iteration":177,"passed_time":0.3906815424,"remaining_time":0.04828648277},
{"learn":[0.3721954732],"iteration":178,"passed_time":0.3919310975,"remaining_time":0.04598074328},
{"learn":[0.3716151081],"iteration":179,"passed_time":0.3931720557,"remaining_time":0.04368578396},
{"learn":[0.3702891386],"iteration":180,"passed_time":0.3944240524,"remaining_time":0.04140362981},
{"learn":[0.369304995],"iteration":181,"passed_time":0.3956692895,"remaining_time":0.03913212754},
{"learn":[0.3681239357],"iteration":182,"passed_time":0.3969339963,"remaining_time":0.03687364993},
{"learn":[0.367487002],"iteration":183,"passed_time":0.3981722157,"remaining_time":0.03462367093},
{"learn":[0.3661788264],"iteration":184,"passed_time":0.3993784267,"remaining_time":0.0323820346},
{"learn":[0.3654783708],"iteration":185,"passed_time":0.4006210592,"remaining_time":0.03015427327},
{"learn":[0.3648004411],"iteration":186,"passed_time":0.4018812215,"remaining_time":0.02793826673},
{"learn":[0.3638834169],"iteration":187,"passed_time":0.4030946958,"remaining_time":0.02572944867},
{"learn":[0.3631627047],"iteration":188,"passed_time":0.4043063971,"remaining_time":0.02353106015},
{"learn":[0.3626573297],"iteration":189,"passed_time":0.4055424059,"remaining_time":0.02134433715},
{"learn":[0.3614196294],"iteration":190,"passed_time":0.4068041591,"remaining_time":0.01916878237},
{"learn":[0.3610188689],"iteration":191,"passed_time":0.4080398554,"remaining_time":0.01700166064},
{"learn":[0.3604368379],"iteration":192,"passed_time":0.4092624992,"remaining_time":0.01484371759},
{"learn":[0.3589045368],"iteration":193,"passed_time":0.4105224005,"remaining_time":0.01269656909},
{"learn":[0.3579062208],"iteration":194,"passed_time":0.411755368,"remaining_time":0.01055782995},
{"learn":[0.3570475277],"iteration":195,"passed_time":0.4129769137,"remaining_time":0.008428100279},
{"learn":[0.3560118615],"iteration":196,"passed_time":0.4142032285,"remaining_time":0.006307663378},
{"learn":[0.3551610633],"iteration":197,"passed_time":0.4154506409,"remaining_time":0.00419647112},
{"learn":[0.3540128877],"iteration":198,"passed_time":0.4167001715,"remaining_time":0.002093970711},
{"learn":[0.353402343],"iteration":199,"passed_time":0.4179208439,"remaining_time":0}
]}